username,password,uuid
ltemblett0@blogs.com,jesus,cwrjn04dammp
kingledow1@oaic.gov.au,jordan,jz6mad7l6qb7
wcloonan2@jalbum.net,joshua,2a0jm9kjqvmw
aostick3@over-blog.com,justin,mychl5p4yu4t
bstandingford4@aol.com,killer,1obzutxwtoqt
dredish5@fc2.com,letmein,87d6kxuw3gy9
wbamlett6@twitter.com,liverpool,e0a2ea6s5yas
rmaccallester7@usa.gov,lovely,9yrun0f4c4zt
mwozencroft8@clickbank.net,loveme,9ucbpku3x3rl
wgristock9@dmoz.org,loveyou,abrj2mhvyp0i
lcentera@cdc.gov,master,0s4s7loaykj1
csineyb@java.com,matrix,rwj3qyp3tcyv
aatyeoc@sfgate.com,merlin,lcob59djvu69
akitchingmand@elegantthemes.com,monkey,rprvo1f75xfb
ljakewaye@google.com.hk,mustang,mrxe9knjg6lz
jpellf@newsvine.com,nicole,5n3pfa5zwrcz
sgallowayg@liveinternet.ru,nothing,w8haz11f1cgd
zblodgeth@patch.com,number1,3oqar5k84m8j
ebrisseaui@chronoengine.com,pass,elzom1pljaox
sruddiforthj@bloglines.com,passport,ko3r8ax59x3b
hfarrimondk@paginegialle.it,password,5cuxu95dov70
gwhitelyl@alibaba.com,password1,a2eh4uth6kxd
ckubikm@cpanel.net,playboy,pa1twzqcnewr
uskillmann@gmpg.org,pokemon,9cddfltefjuk
kgerghero@walmart.com,pretty,r9ybimgmakln
rbutterfillp@berkeley.edu,princess,ogh286ekakco
lkubinq@stanford.edu,purple,vn9q333ouglh
abugdallr@comsenz.com,pussy,vjr3wlf9swmj
adahills@google.fr,qazwsx,77rjve6qr7ir
mryvest@dailymotion.com,qwerty,woqrlvav58hb
amabenu@amazonaws.com,roberto,x628au0g0mvm
cangrockv@lulu.com,sebastian,ocozmpnsdks4
aedelheitw@auda.org.au,secret,v2g2890seuwh
cantonopoulosx@theatlantic.com,shadow,2v5uq6du52ip
ahallorany@unblog.fr,shit,ux93bmgqx82d
agrandhamz@psu.edu,soccer,301fk1iagzyp
kbosworth10@homestead.com,starwars,vnuws5u0rn1k
mmcgloughlin11@t-online.de,sunshine,f657tp4rufam
gkorf12@independent.co.uk,superman,mzrwqc1jz1c6
cchasier13@mysql.com,tequiero,9ljvcmi29kmk
ltaunton14@ebay.com,test,l3tlym7svswk
rmallya15@cargocollective.com,testing,a4tfcbs1werq
heasdon16@twitter.com,trustno1,haqiz3ddv56a
ghubatsch17@aboutads.info,tweety,q5ifu5mzwk9l
pantognelli18@instagram.com,welcome,fbqledy6rp0v
pfilyukov19@upenn.edu,westside,oe1bzlxipnnt
bboyall1a@vistaprint.com,whatever,b2ol7f334aoa
sfeacham1b@patch.com,windows,s3h415ji3ib3
scobbe1c@parallels.com,writer,u267zgelgjgv
hlashley1d@miibeian.gov.cn,zxcvbnm,p6i0cmjywlot
e.barrett@email.com,123456,an3vy9x3miz1
a.morgan@email.com,password,jb3uiycxmfdq
s.barrett@email.com,12345678,6u4dmoeb2ms4
l.barnes@email.com,qwerty,j66oj5kooolm
v.harper@email.com,123456789,ps9ygpp9459z
m.gibson@email.com,12345,w6f4vft2kezd
d.barrett@email.com,1234,4hmn2a4kowtp
s.turner@email.com,111111,a7p3h7ipd9rv
e.hamilton@email.com,1234567,dpwtv2cjn3zy
e.parker@email.com,dragon,vasvw9rtwh8p
c.barrett@email.com,123123,7vz0pj01edvt
s.kelley@email.com,baseball,qy1j56baftue
c.barnes@email.com,abc123,3josj6kj4lkk
a.clark@email.com,football,14n8lul79o0a
j.richards@email.com,monkey,acra8z5c9r7y
b.carroll@email.com,letmein,k4434a67iaoe
j.cameron@email.com,696969,cyfopsfa9v8e
r.morgan@email.com,shadow,zm5mspim9zrk
s.armstrong@email.com,master,4cpbphv3i01y
h.kelly@email.com,666666,q57tc50mzpw4
n.brooks@email.com,qwertyuiop,n5u11lncywhb
k.johnston@email.com,123321,v1bqbct7e6xp
a.jones@email.com,mustang,m8sy50f6elyb
c.harper@email.com,1234567890,8dhvp15dlhn7
g.murphy@email.com,michael,avitklgfi3wq
h.bennett@email.com,654321,nzv41n7sxok9
e.higgins@email.com,clams,s794emh6yvm7
t.carroll@email.com,superman,ha9bdz4fusrd
c.morris@email.com,1qaz2wsx,to9edxcrerv9
f.craig@email.com,7777777,hi669l0z1vry
t.perkins@email.com,frickyou,91p743y7dscw
c.morgan@email.com,121212,xde85urqr3sc
s.perkins@email.com,0,jychrf5nydrk
j.smith@email.com,qazwsx,b77gbo8smxtf
d.mitchell@email.com,123qwe,kf3kr33c8jc7
c.wells@email.com,killer,0z1nm32n4u0n
l.thompson@email.com,trustno1,dd4phgg1lote
a.cole@email.com,jordan,1gv32w8nibna
c.russell@email.com,jennifer,ff6k02iwqxve
a.watson@email.com,zxcvbnm,b7sqrm6y3ybc
d.edwards@email.com,asdfgh,7yisq32eb92b
v.ross@email.com,hunter,hww8uji03fc8
j.gibson@email.com,buster,k0artvtgmne1
e.miller@email.com,soccer,sjp9uai1j7hb
k.stevens@email.com,harley,7d9q9np4wuzo
a.cooper@email.com,batman,mn61bg49vpyh
a.cameron@email.com,andrew,icf0bhhv5zon
c.stewart@email.com,tigger,uqnf0a5grcg1
e.grant@email.com,sunshine,pls4uperasic
g.harper@email.com,iloveyou,x6togxzofwrd
a.adams@email.com,frickme,wf4f4up3d6nn
a.jones@email.com,2000,yhoqz7egld13
k.adams@email.com,charlie,iyj7jcajq71h
j.edwards@email.com,robert,9wj06xubfzfz
a.myers@email.com,thomas,sqb7b1i0wqnl
a.barnes@email.com,hockey,b2l2iau10wz5
j.nelson@email.com,ranger,gx0y9t35uqtc
a.reed@email.com,daniel,so369l4wq1l5
f.craig@email.com,starwars,1gs8ji6kuzpz
d.west@email.com,klaster,b45vi80wvz45
l.morgan@email.com,112233,vbuxajbfka9h
w.evans@email.com,george,js284ffhc6gx
r.fowler@email.com,asshole,2f0wz3jb0eby
p.bennett@email.com,computer,uz6rpvf77i3q
k.walker@email.com,michelle,53ympeqcqx5j
j.farrell@email.com,jessica,52quztcj6opk
m.wilson@email.com,pepper,bp2zn9w4nwbk
n.crawford@email.com,1111,6qzw95rnpvec
v.thompson@email.com,zxcvbn,co755w7y3onk
c.walker@email.com,555555,7n0326i00jdf
e.kelly@email.com,11111111,kylnuhyq59o5
v.lloyd@email.com,131313,wrgaw1t7e26q
l.mason@email.com,freedom,rjke01olc8qp
l.murray@email.com,777777,7he73qxhdoaf
j.sullivan@email.com,pass,n8p5orzq22pu
b.perkins@email.com,frick,ymkhhp3l5mzi
r.armstrong@email.com,maggie,m2j9dcl54y37
r.casey@email.com,159753,inbssh7885bo
k.ferguson@email.com,aaaaaa,ga0e7xr76b2x
j.brown@email.com,ginger,gnwbnt03pt10
m.tucker@email.com,princess,32ce8789f21k
b.martin@email.com,joshua,8sl4yehgdm3j
b.richardson@email.com,cheese,1vrdmbpxnlpe
v.douglas@email.com,amanda,z3lins2o5oeh
m.casey@email.com,summer,ft0ymd7mhbyx
m.cunningham@email.com,love,445x8orh6uom
j.richards@email.com,ashley,9f6z2ucamdqx
r.watson@email.com,6969,bewz44rp1k1z
a.cunningham@email.com,nicole,ovlfyaa11p2u
s.wells@email.com,chelsea,d03kjg1u0y0a
a.stewart@email.com,biteme,xd42frfsndvw
t.ross@email.com,matthew,8u9vy7dxyivc
t.watson@email.com,access,zzak3ya7zxaz
d.brooks@email.com,yankees,zqazcsqv4rli
c.murray@email.com,987654321,5dfqmkofbqqc
d.bennett@email.com,dallas,fmxbo09tqnr7
d.ferguson@email.com,austin,g4rzycgnepbp
b.bennett@email.com,thunder,4l1fjnbjkdq5
d.kelley@email.com,taylor,fq5yd1mw9cta
a.mason@email.com,matrix,bw4yyh22b4e3
f.west@email.com,william,k22st3r7dxzl
m.brown@email.com,corvette,gwa5hu3mtfo7
e.wilson@email.com,hello,lupi2l7e1qe1
s.barrett@email.com,martin,8jok5e4c4blo
f.lloyd@email.com,heather,mui2bhr32e32
a.evans@email.com,secret,dh9yq5xx5icf
k.cameron@email.com,fricker,26xbd2kunhpt
l.anderson@email.com,merlin,05iim1kmsenl
h.richardson@email.com,diamond,vsnc8f8jsx2e
r.phillips@email.com,1234qwer,sbpkhjubdqir
s.tucker@email.com,gfhjkm,flsnmzcvteog
r.dixon@email.com,hammer,vo78tnjpvgvk
c.anderson@email.com,silver,zfrr7z0nb1p1
l.ellis@email.com,222222,eb5a42hixk0p
m.richards@email.com,88888888,divfzqnec7lj
r.allen@email.com,anthony,9ftp6nbv4kcn
k.foster@email.com,justin,mfsts3geg5p4
g.lloyd@email.com,test,5r2il40t3w45
e.owens@email.com,bailey,iuvqh7a32o1o
a.williams@email.com,q1w2e3r4t5,tg7x05bpelyk
e.chapman@email.com,patrick,z80eopbmywhn
m.stewart@email.com,internet,rp5texwxvvn8
g.campbell@email.com,scooter,egt6tyclukye
f.owens@email.com,orange,ae8qoj7kaqq9
s.carroll@email.com,11111,ufzv29y5luuu
l.phillips@email.com,golfer,4xfyh2nlk0y9
e.gray@email.com,cookie,ba4fg4ub8cqy
a.robinson@email.com,richard,f4lzuvi8znuc
v.morgan@email.com,samantha,zsesijuu3ve6
s.chapman@email.com,bigdog,i1lklf73knc9
d.barrett@email.com,guitar,7x7rnda9kxoo
b.higgins@email.com,jackson,9pddhdpxn9hs
w.chapman@email.com,whatever,9cpbzz5q4u8z
r.elliott@email.com,mickey,p4yxyiht1pub
a.kelly@email.com,chicken,97nel2hj6qeg
h.bailey@email.com,sparky,wb0a9ttdjt9g
r.miller@email.com,snoopy,quf1w9kvc0do
f.harris@email.com,maverick,auageegg5wr8
a.moore@email.com,phoenix,tvaqrdcy5zzz
c.higgins@email.com,camaro,vkfbffz2ic7g
l.craig@email.com,sexy,t5m2ug3nhvnq
v.carter@email.com,peanut,jundli0f6hle
n.baker@email.com,morgan,1gkux78xym5n
p.carter@email.com,welcome,ghmchphwpqn7
d.phillips@email.com,falcon,fe0e9r1vh66t
a.andrews@email.com,cowboy,giwgfzfs6kb4
a.ellis@email.com,ferrari,2wm1jmfydjbk
b.cunningham@email.com,samsung,svxxnnwt7wjr
l.wilson@email.com,andrea,6xn66ztv785i
p.cooper@email.com,smokey,letgg64vf0fl
c.hill@email.com,steelers,esdxmp5drb5p
m.richardson@email.com,joseph,x3v90v7chpph
c.adams@email.com,mercedes,l0cmpp852fv4
v.moore@email.com,dakota,oduf30lwezh4
h.mason@email.com,arsenal,k8ubbefmw8ns
e.henderson@email.com,eagles,lu6t5vrt3tru
e.crawford@email.com,melissa,osjv362bbcq1
d.mason@email.com,boomer,royc8xoca2f4
c.richardson@email.com,booboo,3qsgjkp42wey
j.russell@email.com,spider,bp45hg00iut5
p.roberts@email.com,nascar,pj1fpwb3q860
l.jones@email.com,monster,rbzw8xias3p3
s.johnston@email.com,tigers,ouhnnhojhms8
a.ellis@email.com,yellow,e7pelslsdyob
a.moore@email.com,xxxxxx,b68rb7ssqm6n
b.wells@email.com,123123123,k7w0th7x7ym6
d.myers@email.com,gateway,cs7qm75s4sf6
p.ellis@email.com,marina,5cnb1s2zlhna
a.wright@email.com,diablo,psjw6gd0phaw
a.farrell@email.com,bulldog,l65d8yybldsx
j.kelly@email.com,qwer1234,qufht4rd7ctm
a.cunningham@email.com,compaq,4geygsgn0vd8
g.bennett@email.com,purple,zyiwkpkelfw8
j.tucker@email.com,hardcore,mmb41p7a4win
a.cooper@email.com,banana,vuaxu07m307k
s.perkins@email.com,junior,88da37n0a9gr
a.mason@email.com,hannah,t4bwxfrvojcu
j.morrison@email.com,123654,2wq193riwhgr
k.west@email.com,porsche,86d1puac7dlj
j.richardson@email.com,lakers,36arj7jmi2w0
r.taylor@email.com,iceman,l0epeae645f7
a.gray@email.com,money,qr0k8nietj5l
j.mason@email.com,cowboys,lopi5iou5tt7
e.murphy@email.com,987654,ebxblkuwobro
r.foster@email.com,london,jfpeq8yx3r02
e.hamilton@email.com,tennis,530qedlh0mh5
m.elliott@email.com,999999,thwx3mn8s77j
v.harris@email.com,ncc1701,lfmvj9jwc85x
b.stevens@email.com,coffee ,a00i6hh0hdv7
a.morgan@email.com,scooby,dc7lhv1qinvb
l.henderson@email.com,0,lhabbuyg7fgj
r.kelly@email.com,miller,6hjgnnfns4qb
s.gray@email.com,boston,7y385ddb0qb5
a.spencer@email.com,q1w2e3r4,5hyfhc03u1eg
r.brooks@email.com,frickoff,dwj5309ef8k2
t.dixon@email.com,brandon,8ymvy3acyv96
a.bennett@email.com,yamaha,28wlna8vhg3z
g.perry@email.com,chester,qk1odg8ri1fu
l.moore@email.com,mother,hshe26dr4noa
l.johnson@email.com,forever,jtra6u6qxz89
